Workbook

Sheet Instructions
A2: BOXSTAT — Organization Import Template
A3: Complete this workbook to transfer your users into Boxstat. Follow the steps below in order.
A5: STEP 1 · Set Up Teams & Programs First
A6: Open the 'Teams and Programs' sheet. Enter all team names and codes, plus program names. These feed the dropdowns throughout the template.
A8: STEP 2 · Enter Parent Accounts
A9: Open the 'Parents' sheet. Every family needs at least one parent with a unique email address. This email is the account ID that links everything together.
A11: STEP 3 · Add Players
A12: Open the 'Players' sheet. Link each player to their parent via Parent Email. Assign teams and programs using the dropdowns. Add subscription end dates so Boxstat can send renewal alerts.
A14: STEP 4 · Add Coaches
A15: Open the 'Coaches' sheet. Assign coaches to their teams and programs. If a coach is also a parent in the system, enter their Parent Email to link the accounts.
A17: STEP 5 · Add Admins
A18: Open the 'Admins' sheet. List all organization admins with their role and access level.
... A30: • Players/Coaches auto-populate the parent account summary — no manual entry needed in those columns.

Sheet Teams and Programs
A2: Teams and Programs — Reference Lists
A3: Enter your team names/codes (left) and program names/codes (right). These populate the dropdowns throughout the workbook.
A5: TEAMS | D5: PROGRAMS
B6: Team Name | C6: Team Code / ID | E6: Program Name | F6: Program Code / ID
B7: Thunder U12 | C7: THU12 | E7: Skills Academy | F7: SKA
B8: Lightning U14 | C8: LIG14 | E8: Youth Development | F8: YDV
B9: Storm U16 | C9: STO16 | E9: Elite Training | F9: ELT
B10: Eagles Open | C10: EAGOP | E10: Recreational League | F10: REC
B11: Hawks Rec | C11: HAWRC | E11: Tournament Prep | F11: TRP

Sheet Parents
A2: Parents — Family Guardian Accounts
A3: Every family needs a parent record with a unique email. This email links all players, coaches, and subscriptions to the family account.
A5: MANUAL INPUT (Columns A–L) | M5: AUTO-POPULATED from Player sheet (do not edit)
B6: Parent ID | C6: First Name * | D6: Last Name * | E6: Email * (Unique Account ID) | F6: Phone | G6: Address | H6: City | I6: State | J6: ZIP | K6: Account Status | L6: Notes | M6: # Players (Auto) | N6: Linked Players (Auto) | O6: Programs (Auto) | P6: Teams (Auto)
B7: PAR001 | C7: John | D7: Meadows | E7: meadowsrjack@gmail.com | F7: 520-474-2993 | G7: 123 Oak St | H7: Tucson | I7: AZ | J7: 85704 | K7: Active
B8: PAR002 | C8: Sarah | D8: Johnson | E8: sarah.j@email.com | F8: 520-555-0102 | G8: 456 Pine Ave | H8: Tucson | I8: AZ | J8: 85705 | K8: Active

Sheet Players
A2: Players — Athlete Roster & Enrollments
A3: Link each player to their parent via Parent Email. Use dropdowns for Team and Program. Subscription End Date drives renewal alerts in Boxstat.
A5: PLAYER DETAILS | J5: TEAM & PROGRAM — Use Dropdowns | N5: SUBSCRIPTION & PAYMENT | S5: AUTO-ALERTS — Do Not Edit
B6: Player ID | C6: First Name * | D6: Last Name * | E6: Date of Birth (MM/DD/YYYY) | F6: Gender | G6: Player Email | H6: Phone | I6: Parent Email * (Links to Parent) | J6: Team Name | K6: Team Code | L6: Program Name | M6: Program Code | N6: Role | O6: Status | P6: Subscription Plan | Q6: Payment Start Date | R6: Payment End Date * | S6: Days Until Expiry | T6: Renewal Alert | U6: Notes
B7: PLY001 | C7: Test1 | D7: 1 | E7: 01/15/2014 | F7: Male | H7: 5204742993 | I7: meadowsrjack@gmail.com | J7: Thunder U12 | K7: THU12 | L7: Skills Academy | M7: SKA | N7: Player | O7: Active | P7: Annual | Q7: 01/15/2025 | R7: 06/30/2026 | S7: =IF(R7="","",MAX(0,INT(R7-TODAY()))) -> 91 | T7: =IF(R7="","",IF(R7<TODAY(),"EXPIRED",IF(R7-TODAY()<=30,"EXPIRING SOON","Active"))) -> Active
B8: PLY002 | C8: Alex | D8: Johnson | E8: 03/22/2012 | F8: Male | G8: alexj@email.com | H8: 520-555-0110 | I8: sarah.j@email.com | J8: Lightning U14 | K8: LIG14 | L8: Youth Development | M8: YDV | N8: Player | O8: Active | P8: Monthly | Q8: 03/01/2025 | R8: 04/01/2026 | S8: =IF(R8="","",MAX(0,INT(R8-TODAY()))) -> 1 | T8: =IF(R8="","",IF(R8<TODAY(),"EXPIRED",IF(R8-TODAY()<=30,"EXPIRING SOON","Active"))) -> EXPIRING SOON
S9: =IF(R9="","",MAX(0,INT(R9-TODAY()))) | T9: =IF(R9="","",IF(R9<TODAY(),"EXPIRED",IF(R9-TODAY()<=30,"EXPIRING SOON","Active")))
S10: =IF(R10="","",MAX(0,INT(R10-TODAY()))) | T10: =IF(R10="","",IF(R10<TODAY(),"EXPIRED",IF(R10-TODAY()<=30,"EXPIRING SOON","Active")))
S11: =IF(R11="","",MAX(0,INT(R11-TODAY()))) | T11: =IF(R11="","",IF(R11<TODAY(),"EXPIRED",IF(R11-TODAY()<=30,"EXPIRING SOON","Active")))
S12: =IF(R12="","",MAX(0,INT(R12-TODAY()))) | T12: =IF(R12="","",IF(R12<TODAY(),"EXPIRED",IF(R12-TODAY()<=30,"EXPIRING SOON","Active")))
S13: =IF(R13="","",MAX(0,INT(R13-TODAY()))) | T13: =IF(R13="","",IF(R13<TODAY(),"EXPIRED",IF(R13-TODAY()<=30,"EXPIRING SOON","Active")))
S14: =IF(R14="","",MAX(0,INT(R14-TODAY()))) | T14: =IF(R14="","",IF(R14<TODAY(),"EXPIRED",IF(R14-TODAY()<=30,"EXPIRING SOON","Active")))
S15: =IF(R15="","",MAX(0,INT(R15-TODAY()))) | T15: =IF(R15="","",IF(R15<TODAY(),"EXPIRED",IF(R15-TODAY()<=30,"EXPIRING SOON","Active")))
S16: =IF(R16="","",MAX(0,INT(R16-TODAY()))) | T16: =IF(R16="","",IF(R16<TODAY(),"EXPIRED",IF(R16-TODAY()<=30,"EXPIRING SOON","Active")))
S17: =IF(R17="","",MAX(0,INT(R17-TODAY()))) | T17: =IF(R17="","",IF(R17<TODAY(),"EXPIRED",IF(R17-TODAY()<=30,"EXPIRING SOON","Active")))
S18: =IF(R18="","",MAX(0,INT(R18-TODAY()))) | T18: =IF(R18="","",IF(R18<TODAY(),"EXPIRED",IF(R18-TODAY()<=30,"EXPIRING SOON","Active")))
S19: =IF(R19="","",MAX(0,INT(R19-TODAY()))) | T19: =IF(R19="","",IF(R19<TODAY(),"EXPIRED",IF(R19-TODAY()<=30,"EXPIRING SOON","Active")))
S20: =IF(R20="","",MAX(0,INT(R20-TODAY()))) | T20: =IF(R20="","",IF(R20<TODAY(),"EXPIRED",IF(R20-TODAY()<=30,"EXPIRING SOON","Active")))
... S106: =IF(R106="","",MAX(0,INT(R106-TODAY()))) | T106: =IF(R106="","",IF(R106<TODAY(),"EXPIRED",IF(R106-TODAY()<=30,"EXPIRING SOON","Active")))

Sheet Coaches
A2: Coaches — Staff & Coaching Assignments
A3: Assign coaches to teams and programs using the dropdowns. Link to a Parent Email only if the coach is also a registered guardian.
A5: COACH DETAILS | H5: TEAM & PROGRAM — Use Dropdowns | L5: ROLE & STATUS | O5: SUBSCRIPTION & ALERTS | T5: NOTES
B6: Coach ID | C6: First Name * | D6: Last Name * | E6: Email * | F6: Phone | G6: Parent Email (If Applicable) | H6: Team Name | I6: Team Code | J6: Program Name | K6: Program Code | L6: Certification Level | M6: Coach Role | N6: Status | O6: Subscription Plan | P6: Payment Start Date | Q6: Payment End Date * | R6: Days Until Expiry | S6: Renewal Alert | T6: Notes
R7: =IF(Q7="","",MAX(0,INT(Q7-TODAY()))) | S7: =IF(Q7="","",IF(Q7<TODAY(),"EXPIRED",IF(Q7-TODAY()<=30,"EXPIRING SOON","Active")))
R8: =IF(Q8="","",MAX(0,INT(Q8-TODAY()))) | S8: =IF(Q8="","",IF(Q8<TODAY(),"EXPIRED",IF(Q8-TODAY()<=30,"EXPIRING SOON","Active")))
R9: =IF(Q9="","",MAX(0,INT(Q9-TODAY()))) | S9: =IF(Q9="","",IF(Q9<TODAY(),"EXPIRED",IF(Q9-TODAY()<=30,"EXPIRING SOON","Active")))
R10: =IF(Q10="","",MAX(0,INT(Q10-TODAY()))) | S10: =IF(Q10="","",IF(Q10<TODAY(),"EXPIRED",IF(Q10-TODAY()<=30,"EXPIRING SOON","Active")))
R11: =IF(Q11="","",MAX(0,INT(Q11-TODAY()))) | S11: =IF(Q11="","",IF(Q11<TODAY(),"EXPIRED",IF(Q11-TODAY()<=30,"EXPIRING SOON","Active")))
R12: =IF(Q12="","",MAX(0,INT(Q12-TODAY()))) | S12: =IF(Q12="","",IF(Q12<TODAY(),"EXPIRED",IF(Q12-TODAY()<=30,"EXPIRING SOON","Active")))
R13: =IF(Q13="","",MAX(0,INT(Q13-TODAY()))) | S13: =IF(Q13="","",IF(Q13<TODAY(),"EXPIRED",IF(Q13-TODAY()<=30,"EXPIRING SOON","Active")))
R14: =IF(Q14="","",MAX(0,INT(Q14-TODAY()))) | S14: =IF(Q14="","",IF(Q14<TODAY(),"EXPIRED",IF(Q14-TODAY()<=30,"EXPIRING SOON","Active")))
R15: =IF(Q15="","",MAX(0,INT(Q15-TODAY()))) | S15: =IF(Q15="","",IF(Q15<TODAY(),"EXPIRED",IF(Q15-TODAY()<=30,"EXPIRING SOON","Active")))
R16: =IF(Q16="","",MAX(0,INT(Q16-TODAY()))) | S16: =IF(Q16="","",IF(Q16<TODAY(),"EXPIRED",IF(Q16-TODAY()<=30,"EXPIRING SOON","Active")))
R17: =IF(Q17="","",MAX(0,INT(Q17-TODAY()))) | S17: =IF(Q17="","",IF(Q17<TODAY(),"EXPIRED",IF(Q17-TODAY()<=30,"EXPIRING SOON","Active")))
R18: =IF(Q18="","",MAX(0,INT(Q18-TODAY()))) | S18: =IF(Q18="","",IF(Q18<TODAY(),"EXPIRED",IF(Q18-TODAY()<=30,"EXPIRING SOON","Active")))
... R106: =IF(Q106="","",MAX(0,INT(Q106-TODAY()))) | S106: =IF(Q106="","",IF(Q106<TODAY(),"EXPIRED",IF(Q106-TODAY()<=30,"EXPIRING SOON","Active")))

Sheet Admins
A2: Admins — Organization Administrators
A3: List all admins with their role and access level. Optionally link to a parent account if the admin is also a guardian in the system.
A5: MANUAL INPUT — All fields editable
B6: Admin ID | C6: First Name * | D6: Last Name * | E6: Email * | F6: Phone | G6: Parent Email (If Applicable) | H6: Admin Role | I6: Access Level | J6: Status | K6: Date Added (MM/DD/YYYY) | L6: Notes
B7: ADM001 | C7: Jack | D7: Meadows | E7: meadowsrjack@gmail.com | F7: 5204742993 | H7: Super Admin | I7: Full Access | J7: Active | K7: 03/31/2026 | L7: Organization owner

Sheet Summary
A2: Summary Dashboard — Auto-Calculated Overview
A3: Fill the other sheets first. This sheet auto-calculates counts and flags expiring subscriptions for Boxstat to action.
A5: RECORD COUNTS
A6: Category | B6: Count
B7: Parents | C7: =MAX(0,COUNTA(Parents!E7:E106)-COUNTBLANK(Parents!E7:E106)) -> 0
B8: Players | C8: =MAX(0,COUNTA(Players!C7:C106)-COUNTBLANK(Players!C7:C106)) -> 0
B9: Coaches | C9: =MAX(0,COUNTA(Coaches!C7:C106)-COUNTBLANK(Coaches!C7:C106)) -> 0
B10: Admins | C10: =MAX(0,COUNTA(Admins!C7:C106)-COUNTBLANK(Admins!C7:C106)) -> 0
A12: SUBSCRIPTION STATUS
A13: Status | B13: Players | C13: Coaches
B14: Active Subscriptions | C14: =COUNTIF(Players!T7:T106,"Active") -> 1 | D14: =COUNTIF(Coaches!S7:S106,"Active") -> 0
B15: Expiring Within 30 Days | C15: =COUNTIF(Players!T7:T106,"EXPIRING SOON") -> 1 | D15: =COUNTIF(Coaches!S7:S106,"EXPIRING SOON") -> 0
B16: Expired — Action Required | C16: =COUNTIF(Players!T7:T106,"EXPIRED") -> 0 | D16: =COUNTIF(Coaches!S7:S106,"EXPIRED") -> 0
B17: No Subscription Listed | C17: =MAX(0,COUNTA(Players!C7:C106)-COUNTBLANK(Players!C7:C106)-COUNTIF(Players!T7:T106,"Active")-COUNTIF(Players!T7:T106,"EXPIRING SOON")-COUNTIF(Players!T7:T106,"EXPIRED")) -> 0 | D17: =MAX(0,COUNTA(Coaches!C7:C106)-COUNTBLANK(Coaches!C7:C106)-COUNTIF(Coaches!S7:S106,"Active")-COUNTIF(Coaches!S7:S106,"EXPIRING SOON")-COUNTIF(Coaches!S7:S106,"EXPIRED")) -> 0
A19: PRE-IMPORT CHECKLIST — Complete before sending to Boxstat
A20: Check | B20: Item | G20: Reference
B21: Pending | C21: Teams & Programs sheet is filled in | G21: Teams and Programs
B22: Pending | C22: All parents have unique emails entered | G22: Parents
B23: Pending | C23: All players linked to a Parent Email | G23: Players
B24: Pending | C24: Subscription end dates entered for paid users | G24: Players / Coaches
B25: Pending | C25: Coaches assigned to teams or programs | G25: Coaches
B26: Pending | C26: Admins entered with correct access level | G26: Admins
B27: Pending | C27: Zero records showing EXPIRED subscription | G27: Summary above
B28: Pending | C28: All dates in MM/DD/YYYY format | G28: All Sheets
